Date,Headline,Sentiment
2025-11-08,Consumer Sentiment Falls to Lowest Level in Three Years Amid Government Shutdown,Negative
2025-11-07,S&P 500 Breaks Below 50-Day Moving Average for First Time Since April,Negative
2025-11-06,Nvidia Leads AI Stocks Lower on Valuation Concerns and Jobs Jitters,Negative
2025-11-05,Democrats Sweep Elections Across Country Republican Party Faces Setback,Neutral
2025-11-04,Service Sector Activity Picks Up in October ISM Index Rises to 52.4%,Positive
2025-11-03,Stock Markets Post Solid Gains in October Nasdaq Up 4.7%,Positive
2025-11-02,Berkshire Hathaway Cash Hoard Reaches Record $381.6 Billion,Neutral
2025-11-01,Federal Judge Orders SNAP Benefits Paid During Government Shutdown,Neutral
2025-10-31,US Government Shutdown Enters Fifth Week Affecting Critical Services,Negative
2025-10-30,Stock Markets End October with Strong Performance All Three Major Indexes Up,Positive
2025-10-29,Fed Holds Rates Steady Signals Cautious Approach to Future Cuts,Neutral
2025-10-28,GDP Data Release Expected Amid Government Shutdown Uncertainty,Neutral
2025-10-27,Treasury Yields Ease Over Quarter 10-Year Approaches 4%,Neutral
2025-10-26,Stock Markets Rally on Strong Corporate Earnings,Positive
2025-10-25,Tech Sector Leads Market Gains Information Technology Up Over 70% Since April,Positive
2025-10-24,Challenger Report Shows Worst October for Layoffs Since 2003,Negative
2025-10-23,Consumer Spending Remains Resilient Despite Economic Uncertainties,Positive
2025-10-22,Private Company Jobs Data Shows Mixed Signals,Neutral
2025-10-21,Stock Markets Hit New All-Time Highs,Positive
2025-10-20,Gold Prices Hit Record High of $4,359 Per Ounce,Positive
2025-10-19,Fed Officials Signal More Rate Cuts Likely in 2026,Positive
2025-10-18,Corporate Earnings Season Shows Over 80% Beating Expectations,Positive
2025-10-17,Tariff Negotiations Continue with Positive Tone,Positive
2025-10-16,Producer Price Index Data Released Shows Moderate Inflation,Neutral
2025-10-15,Consumer Price Index Inflation Remains Sticky at 3.5%,Negative
2025-10-14,Stock Markets Consolidate After Recent Rally,Neutral
2025-10-13,Columbus Day Holiday Stock Markets Closed,Neutral
2025-10-12,Banking Sector Reports Strong Third Quarter Results,Positive
2025-10-11,Treasury Yields Rise Amid Economic Data,Neutral
2025-10-10,Tech Giants Report Strong AI-Related Revenue Growth,Positive
2025-10-09,Retail Sales Data Shows Continued Consumer Strength,Positive
2025-10-08,Oil Prices Stabilize After Recent Volatility,Neutral
2025-10-07,Employment Report Delayed Due to Government Shutdown,Negative
2025-10-06,Stock Markets Open Higher on Earnings Optimism,Positive
2025-10-05,Fed Officials Emphasize Data-Dependent Approach,Neutral
2025-10-04,Manufacturing Activity Shows Signs of Improvement,Positive
2025-10-03,Q3 Ends with Strong Market Performance Defying Recession Fears,Positive
2025-10-02,Labor Market Data Shows Continued Stability,Neutral
2025-10-01,New Month Brings Optimism to Markets October Historically Strong,Positive
2025-09-30,Government Funding Negotiations Continue As Shutdown Looms,Negative
2025-09-29,Stock Markets End Quarter with Gains Despite Volatility,Positive
2025-09-28,Federal Debt Ceiling Suspension Provides Relief to Markets,Positive
2025-09-27,Consumer Confidence Data Shows Mixed Sentiment,Neutral
2025-09-26,Tech Stocks Rally on AI Infrastructure Investment News,Positive
2025-09-25,Fed Officials Signal Satisfaction with Inflation Progress,Positive
2025-09-24,Housing Market Data Shows Continued Softness,Negative
2025-09-23,Stock Markets Decline on Profit-Taking,Negative
2025-09-22,Retail Earnings Beat Expectations,Positive
2025-09-21,Dollar Declines Modestly Against Major Currencies,Neutral
2025-09-20,Credit Markets Show Tight Spreads Indicating Confidence,Positive
2025-09-19,Manufacturing PMI Data Released Shows Expansion,Positive
2025-09-18,Fed Cuts Rates by 25 Basis Points as Expected,Positive
2025-09-17,FOMC Meeting Concludes with Rate Cut Decision,Positive
2025-09-16,Markets Rally Ahead of Fed Decision,Positive
2025-09-15,Stock Markets Hit New Record Highs,Positive
2025-09-14,Consumer Spending Data Shows Resilience,Positive
2025-09-13,Core Inflation Holds at 3.1%,Neutral
2025-09-12,Producer Prices Show Moderate Growth,Neutral
2025-09-11,Oil Prices Edge Lower on Supply Concerns,Negative
2025-09-10,Small Business Optimism Improves,Positive
2025-09-09,Labor Day Holiday Stock Markets Closed,Neutral
2025-09-08,August Jobs Report Shows Modest Employment Growth,Neutral
2025-09-07,Stock Markets Open Higher Post Labor Day,Positive
2025-09-06,Economic Data Shows Continued Expansion,Positive
2025-09-05,Markets Consolidate Gains Ahead of Jobs Report,Neutral
2025-09-04,Consumer Confidence Falls to Four-Month Low,Negative
2025-09-03,Manufacturing Sector Shows Mixed Signals,Neutral
2025-09-02,Stock Markets Rally on Rate Cut Optimism,Positive
2025-09-01,New Month Begins with Positive Market Sentiment,Positive
2025-08-31,PCE Inflation Ticks Up to 2.7%,Negative
2025-08-30,Markets End August with Losses After Volatile Month,Negative
2025-08-29,Fed Chair Powell Signals Higher Rates May Still Be Needed,Negative
2025-08-28,Treasury Yields Fluctuate on Economic Data,Neutral
2025-08-27,Retail Sales Beat Expectations for July,Positive
2025-08-26,Consumer Confidence Remains Below Historical Average,Negative
2025-08-25,Tech Stocks Rebound from Recent Selloff,Positive
2025-08-24,Housing Market Shows Signs of Cooling Mortgage Rates High,Negative
2025-08-23,Gold Prices Continue Rally Amid Geopolitical Tensions,Positive
2025-08-22,Markets Digest Federal Reserve Minutes,Neutral
2025-08-21,Corporate Earnings Continue to Beat Expectations,Positive
2025-08-20,Energy Sector Shows Strength on Oil Price Gains,Positive
2025-08-19,Markets Volatile as Investors Assess Economic Data,Neutral
2025-08-18,Dollar Strengthens Against Major Currencies,Neutral
2025-08-17,Consumer Spending Data Shows Resilience,Positive
2025-08-16,Natural Disasters Drive Insurance Losses to $80 Billion in H1,Negative
2025-08-15,Trump Signs GENIUS Act First Major Crypto Legislation,Positive
2025-08-14,Retail Sales Data Shows Consumer Caution,Neutral
2025-08-13,Inflation Cools to 3.2% Lowest Since March 2021,Positive
2025-08-12,Markets Recover from Early August Selloff,Positive
2025-08-11,Fitch Maintains US Credit Rating at AA+,Neutral
2025-08-10,Stock Markets Stabilize After Turbulent Week,Neutral
2025-08-09,Global Stock Markets Experience Sharp Downturn,Negative
2025-08-08,Dow Falls Over 1,000 Points on Recession Fears,Negative
2025-08-07,Markets Plunge as Yen Carry Trade Unwinds,Negative
2025-08-06,Asian Markets Lead Global Selloff,Negative
2025-08-05,Black Monday Global Markets Crash Japan Down 12%,Negative
2025-08-04,Recession Fears Mount as Economic Data Weakens,Negative
2025-08-03,Stock Markets Decline Sharply on Rate Hike Concerns,Negative
2025-08-02,Bank of Japan Raises Rates to 0.25% Triggers Market Volatility,Negative
2025-08-01,Markets Close Mixed to End Week,Neutral
2025-07-31,Bank of Japan Announces Surprise Rate Hike,Negative
2025-07-30,Fed Holds Rates Steady Economic Outlook Mixed,Neutral
2025-07-29,Nomura Reports First Quarter Financial Results,Neutral
2025-07-28,GDP Growth Beats Expectations at 2.8% for Q2,Positive
2025-07-27,Corporate Earnings Season Shows Strong Results,Positive
2025-07-26,Stock Markets Hit New Record Highs,Positive
2025-07-25,White House Prepares Debanking Executive Order,Neutral
2025-07-24,RBI Conducts Surprise Liquidity Auction,Neutral
2025-07-23,Global Securities Lending Revenues Climb 53% in July,Positive
2025-07-22,Tech Sector Leads Market Gains,Positive
2025-07-21,Consumer Confidence Data Shows Mixed Signals,Neutral
2025-07-20,UK Construction Activity Falls Sharply,Negative
2025-07-19,Markets Rally on Rate Cut Expectations,Positive
2025-07-18,Inflation Data Shows Continued Moderation,Positive
2025-07-17,Retail Sales Increase Supporting Economic Growth,Positive
2025-07-16,Housing Starts Data Released Shows Decline,Negative
2025-07-15,Stock Markets Consolidate Recent Gains,Neutral
2025-07-14,Federal Debt Ceiling Increased Treasury Balances Rise,Positive
2025-07-13,Corporate Earnings Season Begins Strong,Positive
2025-07-12,Union Cabinet Approves Employment-Linked Incentive Scheme,Positive
2025-07-11,India Net Direct Tax Collections Fall 1.3%,Negative
2025-07-10,Producer Price Index Shows Moderate Inflation,Neutral
2025-07-09,Markets React to Fed Minutes Release,Neutral
2025-07-08,Consumer Price Index Data Released,Neutral
2025-07-07,Nomura Announces Joint Crediting Mechanism Project,Neutral
2025-07-06,Stock Markets Closed for Holiday Weekend,Neutral
2025-07-05,Markets Close Early Ahead of Independence Day,Neutral
2025-07-04,Independence Day Holiday Markets Closed,Neutral
2025-07-03,Slice Launches India's First UPI-Powered Bank Branch,Positive
2025-07-02,Markets Open Q3 with Optimism,Positive
2025-07-01,New Quarter Begins with Positive Market Sentiment,Positive